{
    "Linear_Regression": {
        "MSE": 24.291119474973513,
        "R2": 0.668759493535632,
        "RMSE": 4.928602182665336
    },
    "Random_Forest": {
        "MSE": 7.912745333333333,
        "R2": 0.8920995891343227,
        "RMSE": 2.8129602438238144
    },
    "Support_Vector_Regression": {
        "MSE": 25.668539678396044,
        "R2": 0.6499766059760035,
        "RMSE": 5.0664129005042655
    },
    "timestamp": "2025-07-03T17:20:48.230078"
}